{
  "components/common/body": "{{#if page_type '===' 'default'}}\r\n        {{> components/homeslider}}\r\n{{/if}}\r\n<div class=\"body\" data-currency-code=\"{{currency_selector.active_currency_code}}\">\r\n    {{#block \"hero\"}} {{/block}}\r\n    <div class=\"container\">\r\n        {{#block \"page\"}} {{/block}}\r\n    </div>\r\n    {{> components/common/modal}}\r\n    {{> components/common/alert-modal}}\r\n</div>\r\n",
  "components/common/modal": "<div id=\"modal\" class=\"modal\" data-reveal data-prevent-quick-search-close>\r\n    <a href=\"#\" class=\"modal-close\" aria-label=\"{{lang 'common.close'}}\" role=\"button\">\r\n        <span aria-hidden=\"true\">&#215;</span>\r\n    </a>\r\n    <div class=\"modal-content\"></div>\r\n    <div class=\"loadingOverlay\"></div>\r\n</div>\r\n",
  "components/homeslider": "<div class=\"home-sliders\">\r\n  <ul class=\"slider\"\r\n\tdata-slick='{\r\n        \"dots\": true,\r\n        \"arrows\": false,\r\n        \"infinite\": true,\r\n        \"autoplay\": true,\r\n        \"autoplaySpeed\": 4000,\r\n        \"mobileFirst\": true,\r\n        \"slidesToShow\": 1,\r\n        \"slidesToScroll\": 1\r\n    }'\r\n\t>\r\n      \r\n      \r\n    <li class=\"even item\" style=\"background-image: url('https://www.demdacoretailers.com/content/hp/dd-hp-holiday10.jpg');\">\r\n      <div class=\"mobile-img\"> \r\n          <img src=\"https://www.demdacoretailers.com/content/hp/dd-hp-holiday10-m.jpg\" alt=\" \" /> \r\n      </div>\r\n      <a href=\"/shop/catalog/holiday/ \"> \r\n          <span class=\"content win250\">\r\n              <h1 class=\"palatino\" style=\"font-size: 50px; color: white;\">Show Special: 10% Off</h1>\r\n              <p class=\"palatino\" style=\"color: white;\">fall and holiday orders of $1500 or more. <br>Offer ends January 31, 2021</p>\r\n              <p style=\"width: 200px !important; color: white !important;\" class=\"gray-button\">Shop Holiday</p>\r\n          </span>\r\n      </a>\r\n    </li>\r\n    \r\n    <li class=\"even item\" style=\"background-image: url('https://www.demdacoretailers.com/content/hp/dd-hp-giving-bear.jpg');\">\r\n      <div class=\"mobile-img\"> \r\n          <img src=\"https://www.demdacoretailers.com/content/hp/dd-hp-giving-bear-m.jpg\" alt=\" \" /> \r\n      </div>\r\n      <a href=\"/shop/collections/giving-bear/\"> \r\n          <span class=\"content\">\r\n              <h1 class=\"palatino\" style=\"font-size: 50px\">Give a Little More</h1>\r\n              <p class=\"palatino\">Donate to Children's Mercy Hospital: purchase a Giving Bear<sup style=\"font-size: 1rem;\">&reg;</sup> today!</p>\r\n              <p style=\"width: 225px !important;\" class=\"gray-button\">Shop Giving Bear<sup style=\"font-size: 1rem;\">&reg;</sup></p>\r\n          </span>\r\n      </a>\r\n    </li>\r\n    \r\n     <li class=\"even item\" style=\"background-image: url('https://www.demdacoretailers.com/content/hp/dd-hp-wtlivestream.jpg');\">\r\n      <div class=\"mobile-img\"> \r\n          <img src=\"https://www.demdacoretailers.com/content/hp/dd-hp-wtlivestream-m.jpg\" alt=\" \" /> \r\n      </div>\r\n      <a href=\"/livestream/\"> \r\n          <span class=\"content\">\r\n              <h1 class=\"palatino\" style=\"font-size: 50px\">Enter to Win!</h1>\r\n              <p class=\"palatino\">Submit a question by Jan 31st at midnight and win a free, signed Adorable You Figure.</p>\r\n              <p style=\"width: 225px !important;\" class=\"gray-button\">Enter Now</p>\r\n          </span>\r\n      </a>\r\n    </li>\r\n    \r\n\r\n    \r\n  </ul>\r\n</div>\r\n\r\n<style>\r\n    @media only screen and (max-width: 1279px){\r\n        span.win250 h1 {\r\n            color: #555 !important;\r\n        }\r\n        span.win250 p {\r\n            color: #555 !important;\r\n        }\r\n    }\r\n</style>\n",
  "components/common/alert-modal": "<div id=\"alert-modal\" class=\"modal modal--alert modal--small\" data-reveal data-prevent-quick-search-close>\r\n    <div class=\"swal2-icon swal2-error swal2-animate-error-icon\"><span class=\"swal2-x-mark swal2-animate-x-mark\"><span class=\"swal2-x-mark-line-left\"></span><span class=\"swal2-x-mark-line-right\"></span></span></div>\r\n\r\n    <div class=\"modal-content\"></div>\r\n\r\n    <div class=\"button-container\"><button type=\"button\" class=\"confirm button\" data-reveal-close>OK</button></div>\r\n</div>\r\n"
}